{"cameraMode":{"drawMode":0,"name":"Shaded","section":"Shading Mode"},"sceneLighting":false,"audioPlay":false,"sceneViewState":{"m_AlwaysRefresh":false,"showFog":true,"showSkybox":false,"showFlares":true,"showImageEffects":true,"showParticleSystems":true,"showVisualEffectGraphs":true,"m_FxEnabled":true},"in2DMode":false,"pivot":{"x":-0.525521993637085,"y":1.4500000476837159,"z":-20.829999923706056},"rotation":{"x":-0.22869345545768739,"y":0.24816441535949708,"z":-0.06046042591333389,"w":-0.9394146800041199},"size":15.619760513305664,"orthographic":false}